Workbook
Name Slicer_DISTRICT1: #N/A
Name Slicer_NAAC_GRADE: #N/A
Name Slicer_TYPE: #N/A

Sheet Raw_Data
A1: COLLEGE NAME | B1: DISTRICT | C1: TYPE | D1: NAAC GRADE | E1: NIRF RANK | F1: FEES PER YEAR | G1: TOTAL MIN 3/4 YEAR COST | H1: TOTAL MAX 3/4 YEARS COST | I1: TOTAL AVERAGE COST | J1: TNEA CUTOFF 2026 | K1: PLACEMENT% | L1: AVERAGE PACKAGE LPA | M1: HIGHEST PACKAGE LPA | N1: STUDENT-FACULTY RATIO | O1: HOSTEL AVAILABLE YES/NO | P1: HOSTEL FEE | Q1: PACKAGE_NUMBER
A2: A.V.P COLLEGE OF ARTS AND SCIENCE | B2: TIRUPUR | C2: PRIVATE | D2: A | E2: 152 | F2: ~45,000 | G2: 135000 | H2: 1450000 | I2: =AVERAGE(G2:H2) -> 792500 | J2: NOT APPLICABLE | K2: 70 | L2: 1.4 LPA | M2: 4.9 LPA | N2: 19:1 | O2: YES | P2: 42000 | Q2: =VALUE(SUBSTITUTE(CollegeData[[#This Row],[AVERAGE PACKAGE LPA]]," LPA","")) -> 1.4
A3: PARK'S COLLEGE | B3: TIRUPUR | C3: PRIVATE | D3: A | E3: NOT RANKED | F3: 35,000 to 55,000 | G3: 105000 | H3: 151000 | I3: =AVERAGE(G3:H3) -> 128000 | J3: NOT APPLICABLE | K3: 72.5 | L3: 1.29 LPA | M3: 4.50 LPA | N3: 15:1 | O3: YES | P3: 40000 | Q3: =VALUE(SUBSTITUTE(CollegeData[[#This Row],[AVERAGE PACKAGE LPA]]," LPA","")) -> 1.29
A4: CHERAN COLLEGE OF ARTS AND SCIENCE | B4: TIRUPUR | C4: PRIVATE | D4: B++ | E4: NOT RANKED | F4: 18,000 to 40,000 | G4: 90000 | H4: 120000 | I4: =AVERAGE(G4:H4) -> 105000 | J4: NOT APPLICABLE | K4: 75 | L4: 3.0 LPA | M4: 5.0 LPA | N4: 12:1 | O4: YES | P4: 48000 | Q4: =VALUE(SUBSTITUTE(CollegeData[[#This Row],[AVERAGE PACKAGE LPA]]," LPA","")) -> 3
A5: LRG COLLEGE OF ARTS AND SCIENCE FOR WOMEN | B5: TIRUPUR | C5: GOVERNMENT | D5: B+ | E5: 101 | F5: 1,000 to 3,500 | G5: 4050 | H5: 8550 | I5: =AVERAGE(G5:H5) -> 6300 | J5: NOT APPLICABLE | K5: 70 | L5: 1.5 LPA | M5: 3.50 LPA | N5: 26:1 | O5: YES | P5: ~2000 to 5000 | Q5: =VALUE(SUBSTITUTE(CollegeData[[#This Row],[AVERAGE PACKAGE LPA]]," LPA","")) -> 1.5
A6: CHIKKANNA ARTS COLLEGE | B6: TIRUPUR | C6: GOVERNMENT | D6: B++ | E6: 201-300 | F6: 1,380 to 2,450 | G6: 4140 | H6: 7350 | I6: =AVERAGE(G6:H6) -> 5745 | J6: NOT APPLICABLE | K6: 88 | L6: 1.84 LPA | M6: 2.5 LPA | N6: 28:1 | O6: YES | P6: 1000 to 2000 | Q6: =VALUE(SUBSTITUTE(CollegeData[[#This Row],[AVERAGE PACKAGE LPA]]," LPA","")) -> 1.84
A7: LOYOLA COLLEGE | B7: CHENNAI | C7: AUTONOMOUS | D7: A++ | E7: 14 | F7: 45,000 to 1,70,000 | G7: 135000 | H7: 508000 | I7: =AVERAGE(G7:H7) -> 321500 | J7: NOT APPLICABLE | K7: 95 | L7: 6.34 LPA | M7: 22.5 LPA | N7: 33:1 | O7: YES | P7: 1,02,100 to 2,26,000 | Q7: =VALUE(SUBSTITUTE(CollegeData[[#This Row],[AVERAGE PACKAGE LPA]]," LPA","")) -> 6.34
A8: PSG COLLEGE OF ARTS AND SCIENCE | B8: COIMBATORE | C8: AUTONOMOUS | D8: A++ | E8: 10 | F8: ~40,000 to 90,000 | G8: 120000 | H8: 270000 | I8: =AVERAGE(G8:H8) -> 195000 | J8: NOT APPLICABLE | K8: 83 | L8: 3.83 LPA | M8: 14 LPA | N8: 25:1 | O8: YES | P8: 58,000 to 1,500,000 | Q8: =VALUE(SUBSTITUTE(CollegeData[[#This Row],[AVERAGE PACKAGE LPA]]," LPA","")) -> 3.83
A9: Dr.N.G.P COLEEGE OF ARTS AND SCIENCE | B9: COIMBATORE | C9: AUTONOMOUS | D9: A++ | E9: 66 | F9: 50,000 to 1,00,000 | G9: 150000 | H9: 300000 | I9: =AVERAGE(G9:H9) -> 225000 | J9: NOT APPLICABLE | K9: 90 | L9: 3.7 LPA | M9: 10.0 LPA | N9: 20:1 | O9: YES | P9: 75,000 TO 95,000 | Q9: =VALUE(SUBSTITUTE(CollegeData[[#This Row],[AVERAGE PACKAGE LPA]]," LPA","")) -> 3.7
A10: AMERICAN COLLEGE | B10: MADURAI | C10: AUTONOMOUS | D10: A++ | E10: 59 | F10: 23,955 to 71,805 | G10: 72000 | H10: 215000 | I10: =AVERAGE(G10:H10) -> 143500 | J10: NOT APPLICABLE | K10: 60 | L10: 2.10 LPA | M10: 9.0 LPA | N10: 12:1 | O10: YES | P10: 15,000 to 25,600 | Q10: =VALUE(SUBSTITUTE(CollegeData[[#This Row],[AVERAGE PACKAGE LPA]]," LPA","")) -> 2.1
A11: MADRAS CHRISTIAN COLLEGE | B11: CHENGALPATTU | C11: AUTONOMOUS | D11: A | E11: 16 | F11: 18,000 to 70,000 | G11: 83760 | H11: 210000 | I11: =AVERAGE(G11:H11) -> 146880 | J11: NOT APPLICABLE | K11: 90 | L11: 3.60 LPA | M11: 12.50 LPA | N11: 12.5:1 | O11: YES | P11: 19,500 to 39,000 | Q11: =VALUE(SUBSTITUTE(CollegeData[[#This Row],[AVERAGE PACKAGE LPA]]," LPA","")) -> 3.6
A12: STELLA MARIS COLLEGE | B12: CHENNAI | C12: AUTONOMOUS | D12: A+ | E12: 41 | F12: 25,000 to 91,540 | G12: 55000 | H12: 275000 | I12: =AVERAGE(G12:H12) -> 165000 | J12: NOT APPLICABLE | K12: 45 | L12: 4.60 LPA | M12: 12.0 LPA | N12: 1:26 | O12: YES | P12: 29,800 to 82,800 | Q12: =VALUE(SUBSTITUTE(CollegeData[[#This Row],[AVERAGE PACKAGE LPA]]," LPA","")) -> 4.6
A13: AVINASHI GOVERNMENT ARTS AND SCIENCE COLLEGE | B13: TIRUPUR | C13: GOVERNMENT | D13: B | E13: NOT RANKED | F13: 2000 to 3000 | G13: 6000 | H13: 9000 | I13: =AVERAGE(G13:H13) -> 7500 | J13: NOT APPLICABLE | K13: 49 | L13: 1.56 LPA | M13: 2.50 LPA | N13: ~93:1 | O13: NO | P13: N/A | Q13: =VALUE(SUBSTITUTE(CollegeData[[#This Row],[AVERAGE PACKAGE LPA]]," LPA","")) -> 1.56
A14: A.G COLLEGE OF ARTS AND SCIENCE | B14: TIRUPUR | C14: PRIVATE | D14: B+ | E14: NOT RANKED | F14: 15,000 to 25,000 | G14: 45000 | H14: 75000 | I14: =AVERAGE(G14:H14) -> 60000 | J14: NOT APPLICABLE | K14: 83 | L14: 1.5 LPA | M14: 3.5 LPA | N14: 18:1 | O14: YES | P14: 40,000 to 50,000 | Q14: =VALUE(SUBSTITUTE(CollegeData[[#This Row],[AVERAGE PACKAGE LPA]]," LPA","")) -> 1.5
A15: KONGUNADU COLLEGE OF ARTS AND SCIENCE | B15: COIMBATORE | C15: AUTONOMOUS | D15: A+ | E15: 101-150 | F15: 35,000 to 70,000 | G15: 100000 | H15: 210000 | I15: =AVERAGE(G15:H15) -> 155000 | J15: NOT APPLICABLE | K15: 95 | L15: 4.0 LPA | M15: 10.0 LPA | N15: 20:1 | O15: YES | P15: 40,000 to 60,000 | Q15: =VALUE(SUBSTITUTE(CollegeData[[#This Row],[AVERAGE PACKAGE LPA]]," LPA","")) -> 4
A16: THIAGARAJAR COLLEGE | B16: MADURAI | C16: AUTONOMOUS | D16: A++ | E16: 20 | F16: 40,000 to 64,000 | G16: 120000 | H16: 192000 | I16: =AVERAGE(G16:H16) -> 156000 | J16: NOT APPLICABLE | K16: 83 | L16: 3.4 LPA | M16: 9.8 LPA | N16: 20:1 | O16: YES | P16: 35000 | Q16: =VALUE(SUBSTITUTE(CollegeData[[#This Row],[AVERAGE PACKAGE LPA]]," LPA","")) -> 3.4
A17: BUILDER ENGINEERING COLLEGE | B17: TIRUPUR | C17: AUTONOMOUS | D17: A+ | E17: NOT RANKED | F17: 55,000 to 87,000 | G17: 220000 | H17: 348000 | I17: =AVERAGE(G17:H17) -> 284000 | J17: 140-165 | K17: 79 | L17: 4.0 LPA | M17: 12.0 LPA | N17: 20:1 | O17: YES | P17: 28000 | Q17: =VALUE(SUBSTITUTE(CollegeData[[#This Row],[AVERAGE PACKAGE LPA]]," LPA","")) -> 4
A18: KPR ENGINEERING AND TECHNOLOGY COLLEGE | B18: COIMBATORE | C18: AUTONOMOUS | D18: A | E18: 101-150 | F18: ~9,69,000 | G18: 300000 | H18: 387600 | I18: =AVERAGE(G18:H18) -> 343800 | J18: 180-185+ | K18: 92 | L18: 5.20 LPA | M18: 54 LPA | N18: 16:1 | O18: YES | P18: 60,000 to 1,06,000 | Q18: =VALUE(SUBSTITUTE(CollegeData[[#This Row],[AVERAGE PACKAGE LPA]]," LPA","")) -> 5.2
A19: AMRITA VISHWA VIDYAPEETHAM | B19: COIMBATORE | C19: DEEMED UNIVERSITY | D19: A++ | E19: 23 | F19: 1,00,000 to 6,00,000 | G19: 101000 | H19: 241000 | I19: =AVERAGE(G19:H19) -> 171000 | J19: NOT APPLICABLE | K19: 94 | L19: 9.08 LPA | M19: 80.4 LPA | N19: 8:1 | O19: YES | P19: 1,14,500 to 2,12,500 | Q19: =VALUE(SUBSTITUTE(CollegeData[[#This Row],[AVERAGE PACKAGE LPA]]," LPA","")) -> 9.08
A20: KUMARAGURU COLLEGE OF TECHNOLOGY | B20: COIMBATORE | C20: AUTONOMOUS | D20: A++ | E20: 151-200 | F20: 1,11,200 to 1,16,200 | G20: 445000 | H20: 464800 | I20: =AVERAGE(G20:H20) -> 454900 | J20: 180-188+ | K20: 78 | L20: 5.70 LPA | M20: 50.0 LPA | N20: 15:1 | O20: YES | P20: 84000 | Q20: =VALUE(SUBSTITUTE(CollegeData[[#This Row],[AVERAGE PACKAGE LPA]]," LPA","")) -> 5.7
A21: BANNARI AMMAN INSTITUTE OF TECHNOLOGY | B21: ERODE | C21: AUTONOMOUS | D21: A+ | E21: 59 | F21: 50,000 to 75,000 | G21: 200000 | H21: 300000 | I21: =AVERAGE(G21:H21) -> 250000 | J21: ~173-189.5 | K21: 93 | L21: 5.16 LPA | M21: 44 LPA | N21: ~5:1 | O21: YES | P21: 36,000 to 60,000 | Q21: =VALUE(SUBSTITUTE(CollegeData[[#This Row],[AVERAGE PACKAGE LPA]]," LPA","")) -> 5.16
A22: GOVERNMENT COLLEGE OF TECHNOLOGY | B22: COIMBATORE | C22: GOVERNMENT | D22: A | E22: 160 | F22: ~1,24,150 | G22: 450000 | H22: 496600 | I22: =AVERAGE(G22:H22) -> 473300 | J22: 175+ | K22: 78 | L22: 6.0 LPA | M22: 32.0 LPA | N22: ~20:1 | O22: YES | P22: 11,700 to 12,200 | Q22: =VALUE(SUBSTITUTE(CollegeData[[#This Row],[AVERAGE PACKAGE LPA]]," LPA","")) -> 6
A23: ANNA UNIVERSITY, CEG CAMPUS | B23: CHENNAI | C23: GOVERNMENT | D23: A++ | E23: 20 | F23: 31,400 to 38,560 | G23: 131400 | H23: 209800 | I23: =AVERAGE(G23:H23) -> 170600 | J23: 187-200 | K23: 69 | L23: 9.84 LPA | M23: 53.0 LPA | N23: ~1:15 | O23: YES | P23: 42625 | Q23: =VALUE(SUBSTITUTE(CollegeData[[#This Row],[AVERAGE PACKAGE LPA]]," LPA","")) -> 9.84
A24: NANDHA ENGINEERING COLLEGE | B24: ERODE | C24: AUTONOMOUS | D24: A+ | E24: 141 | F24: 1,50,000 to 1,72,000 | G24: 348000 | H24: 688000 | I24: =AVERAGE(G24:H24) -> 518000 | J24: 150-175 | K24: 89 | L24: 4.14 LPA | M24: 12 LPA | N24: 20:1 | O24: YES | P24: 35,000 to 40,000 | Q24: =VALUE(SUBSTITUTE(CollegeData[[#This Row],[AVERAGE PACKAGE LPA]]," LPA","")) -> 4.14
A25: SATHYABAMA SCIENCE AND TECHNOLOGY | B25: CHENNAI | C25: DEEMED UNIVERSITY | D25: A++ | E25: 53 | F25: 1.5 to 3.5 LPA | G25: 600000 | H25: 1420000 | I25: =AVERAGE(G25:H25) -> 1010000 | J25: NOT APPLICABLE | K25: 49 | L25: 5.57 LPA | M25: 41.20 LPA | N25: 18:1 | O25: YES | P25: 34,000 to 39,000 | Q25: =VALUE(SUBSTITUTE(CollegeData[[#This Row],[AVERAGE PACKAGE LPA]]," LPA","")) -> 5.57
A26: VEL TECH | B26: CHENNAI | C26: DEEMED UNIVERSITY | D26: A++ | E26: 87 | F26: 2,90,000 to 3,60,000 | G26: 1240000 | H26: 1540000 | I26: =AVERAGE(G26:H26) -> 1390000 | J26: NOT APPLICABLE | K26: 70 | L26: 5.5 LPA | M26: 47 LPA | N26: ~15:1 | O26: YES | P26: 1,05,000 to 1,65,000 | Q26: =VALUE(SUBSTITUTE(CollegeData[[#This Row],[AVERAGE PACKAGE LPA]]," LPA","")) -> 5.5
A27: PSG TECHNOLOGY AND APPLIED RESEARCH | B27: COIMBATORE | C27: AUTONOMOUS | D27: A+ | E27: 101-150 | F27: 2,00,000 to 2,50,000 | G27: 540000 | H27: 560000 | I27: =AVERAGE(G27:H27) -> 550000 | J27: 183-197.5 | K27: 90 | L27: 7.96 LPA | M27: 41.13 LPA | N27: 20:1 | O27: YES | P27: 90,000 to 1,00,000 | Q27: =VALUE(SUBSTITUTE(CollegeData[[#This Row],[AVERAGE PACKAGE LPA]]," LPA","")) -> 7.96
A28: SSN COLLEGE OF ENGINEERING | B28: CHENGALPATTU | C28: AUTONOMOUS | D28: A++ | E28: 47 | F28: 2,19,500 to 2,24,500 | G28: 880000 | H28: 900000 | I28: =AVERAGE(G28:H28) -> 890000 | J28: 199+ | K28: 95 | L28: 10.50 LPA | M28: 89.0 LPA | N28: ~14:1 | O28: YES | P28: 96000 | Q28: =VALUE(SUBSTITUTE(CollegeData[[#This Row],[AVERAGE PACKAGE LPA]]," LPA","")) -> 10.5
A29: NATIONAL INSTITUTE OF TECHNOLOGY | B29: TIRUCHIRAPPALLI | C29: GOVERNMENT | D29: A++ | E29: 9 | F29: 1.5 to 2 | G29: 905000 | H29: 920000 | I29: =AVERAGE(G29:H29) -> 912500 | J29: NOT APPLICABLE | K29: 89 | L29: 18.73 LPA | M29: 64.0 LPA | N29: 1:11 | O29: YES | P29: 35,000 to 52,000 | Q29: =VALUE(SUBSTITUTE(CollegeData[[#This Row],[AVERAGE PACKAGE LPA]]," LPA","")) -> 18.73
A30: KALASALINGAM ACADEMY OF RESEARCH AND EDUCATION | B30: VIRUDHUNAGAR | C30: DEEMED UNIVERSITY | D30: A++ | E30: 48 | F30: 1,95,000 to 1,60,000 | G30: 640000 | H30: 780000 | I30: =AVERAGE(G30:H30) -> 710000 | J30: 140+ | K30: 94 | L30: 4.50 LPA | M30: 53.0 LPA | N30: 14:1 | O30: YES | P30: 80,000 to 87,000 | Q30: =VALUE(SUBSTITUTE(CollegeData[[#This Row],[AVERAGE PACKAGE LPA]]," LPA","")) -> 4.5
A31: INDIAN INSTITUTE OF TECHNOLOGY MADRAS | B31: CHENNAI | C31: GOVERNMENT | D31: A++ | E31: 1 | F31: ~2.2 to 2.53 | G31: 895000 | H31: 939000 | I31: =AVERAGE(G31:H31) -> 917000 | J31: NOT APPLICABLE | K31: 90 | L31: 24.2 LPA | M31: 4.3 Cr | N31: 1:14 | O31: YES | P31: 60,000 to 80,000 | Q31: =VALUE(SUBSTITUTE(CollegeData[[#This Row],[AVERAGE PACKAGE LPA]]," LPA","")) -> 24.2

Sheet Calculation
A1: COLLEGE NAME | B1: DISTRICT | C1: TYPE | D1: NAAC GRADE | E1: TNEA CUTOFF 2026 | F1: TOTAL 3/4 YEAR COST | G1: AVERAGE PACKAGE LPA | H1: HEADING PACKAGE | I1: PLACEMENT% | J1: PAYBACK RATIO | K1: FEES CATEGORY | L1: PLACEMENT CATEGORY | M1: RECOMMENDATION
A2: =Raw_Data!A2 -> A.V.P COLLEGE OF ARTS AND SCIENCE | B2: =Raw_Data!B2 -> TIRUPUR | C2: =Raw_Data!C2 -> PRIVATE | D2: =Raw_Data!D2 -> A | E2: =Raw_Data!J2 -> NOT APPLICABLE | F2: =Raw_Data!I2 -> 792500 | G2: =Raw_Data!L2 -> 1.4 LPA | H2: =VALUE(SUBSTITUTE(SUBSTITUTE(G2," LPA",""),"LPA","")) -> 1.4 | I2: =Raw_Data!K2 -> 70 | J2: =IFERROR((VALUE(SUBSTITUTE(SUBSTITUTE(G2," LPA",""),"LPA",""))*100000)/VALUE(F2),0) -> 0.17665615 | K2: =IF(F2<=400000,"Budget Friendly","High Cost") -> High Cost | L2: =IF(I2>=80,"High Placement","Low placement") -> Low placement | M2: =IF(AND(F2<=400000,I2>=80),"Recommended","Compare More") -> Compare More
A3: =Raw_Data!A3 -> PARK'S COLLEGE | B3: =Raw_Data!B3 -> TIRUPUR | C3: =Raw_Data!C3 -> PRIVATE | D3: =Raw_Data!D3 -> A | E3: =Raw_Data!J3 -> NOT APPLICABLE | F3: =Raw_Data!I3 -> 128000 | G3: =Raw_Data!L3 -> 1.29 LPA | H3: =VALUE(SUBSTITUTE(SUBSTITUTE(G3," LPA",""),"LPA","")) -> 1.29 | I3: =Raw_Data!K3 -> 72.5 | J3: =IFERROR((VALUE(SUBSTITUTE(SUBSTITUTE(G3," LPA",""),"LPA",""))*100000)/VALUE(F3),0) -> 1.0078125 | K3: =IF(F3<=400000,"Budget Friendly","High Cost") -> Budget Friendly | L3: =IF(I3>=80,"High Placement","Low placement") -> Low placement | M3: =IF(AND(F3<=400000,I3>=80),"Recommended","Compare More") -> Compare More
A4: =Raw_Data!A4 -> CHERAN COLLEGE OF ARTS AND SCIENCE | B4: =Raw_Data!B4 -> TIRUPUR | C4: =Raw_Data!C4 -> PRIVATE | D4: =Raw_Data!D4 -> B++ | E4: =Raw_Data!J4 -> NOT APPLICABLE | F4: =Raw_Data!I4 -> 105000 | G4: =Raw_Data!L4 -> 3.0 LPA | H4: =VALUE(SUBSTITUTE(SUBSTITUTE(G4," LPA",""),"LPA","")) -> 3 | I4: =Raw_Data!K4 -> 75 | J4: =IFERROR((VALUE(SUBSTITUTE(SUBSTITUTE(G4," LPA",""),"LPA",""))*100000)/VALUE(F4),0) -> 2.8571429 | K4: =IF(F4<=400000,"Budget Friendly","High Cost") -> Budget Friendly | L4: =IF(I4>=80,"High Placement","Low placement") -> Low placement | M4: =IF(AND(F4<=400000,I4>=80),"Recommended","Compare More") -> Compare More
A5: =Raw_Data!A5 -> LRG COLLEGE OF ARTS AND SCIENCE FOR WOMEN | B5: =Raw_Data!B5 -> TIRUPUR | C5: =Raw_Data!C5 -> GOVERNMENT | D5: =Raw_Data!D5 -> B+ | E5: =Raw_Data!J5 -> NOT APPLICABLE | F5: =Raw_Data!I5 -> 6300 | G5: =Raw_Data!L5 -> 1.5 LPA | H5: =VALUE(SUBSTITUTE(SUBSTITUTE(G5," LPA",""),"LPA","")) -> 1.5 | I5: =Raw_Data!K5 -> 70 | J5: =IFERROR((VALUE(SUBSTITUTE(SUBSTITUTE(G5," LPA",""),"LPA",""))*100000)/VALUE(F5),0) -> 23.809524 | K5: =IF(F5<=400000,"Budget Friendly","High Cost") -> Budget Friendly | L5: =IF(I5>=80,"High Placement","Low placement") -> Low placement | M5: =IF(AND(F5<=400000,I5>=80),"Recommended","Compare More") -> Compare More
A6: =Raw_Data!A6 -> CHIKKANNA ARTS COLLEGE | B6: =Raw_Data!B6 -> TIRUPUR | C6: =Raw_Data!C6 -> GOVERNMENT | D6: =Raw_Data!D6 -> B++ | E6: =Raw_Data!J6 -> NOT APPLICABLE | F6: =Raw_Data!I6 -> 5745 | G6: =Raw_Data!L6 -> 1.84 LPA | H6: =VALUE(SUBSTITUTE(SUBSTITUTE(G6," LPA",""),"LPA","")) -> 1.84 | I6: =Raw_Data!K6 -> 88 | J6: =IFERROR((VALUE(SUBSTITUTE(SUBSTITUTE(G6," LPA",""),"LPA",""))*100000)/VALUE(F6),0) -> 32.02785 | K6: =IF(F6<=400000,"Budget Friendly","High Cost") -> Budget Friendly | L6: =IF(I6>=80,"High Placement","Low placement") -> High Placement | M6: =IF(AND(F6<=400000,I6>=80),"Recommended","Compare More") -> Recommended
A7: =Raw_Data!A7 -> LOYOLA COLLEGE | B7: =Raw_Data!B7 -> CHENNAI | C7: =Raw_Data!C7 -> AUTONOMOUS | D7: =Raw_Data!D7 -> A++ | E7: =Raw_Data!J7 -> NOT APPLICABLE | F7: =Raw_Data!I7 -> 321500 | G7: =Raw_Data!L7 -> 6.34 LPA | H7: =VALUE(SUBSTITUTE(SUBSTITUTE(G7," LPA",""),"LPA","")) -> 6.34 | I7: =Raw_Data!K7 -> 95 | J7: =IFERROR((VALUE(SUBSTITUTE(SUBSTITUTE(G7," LPA",""),"LPA",""))*100000)/VALUE(F7),0) -> 1.9720062 | K7: =IF(F7<=400000,"Budget Friendly","High Cost") -> Budget Friendly | L7: =IF(I7>=80,"High Placement","Low placement") -> High Placement | M7: =IF(AND(F7<=400000,I7>=80),"Recommended","Compare More") -> Recommended
A8: =Raw_Data!A8 -> PSG COLLEGE OF ARTS AND SCIENCE | B8: =Raw_Data!B8 -> COIMBATORE | C8: =Raw_Data!C8 -> AUTONOMOUS | D8: =Raw_Data!D8 -> A++ | E8: =Raw_Data!J8 -> NOT APPLICABLE | F8: =Raw_Data!I8 -> 195000 | G8: =Raw_Data!L8 -> 3.83 LPA | H8: =VALUE(SUBSTITUTE(SUBSTITUTE(G8," LPA",""),"LPA","")) -> 3.83 | I8: =Raw_Data!K8 -> 83 | J8: =IFERROR((VALUE(SUBSTITUTE(SUBSTITUTE(G8," LPA",""),"LPA",""))*100000)/VALUE(F8),0) -> 1.9641026 | K8: =IF(F8<=400000,"Budget Friendly","High Cost") -> Budget Friendly | L8: =IF(I8>=80,"High Placement","Low placement") -> High Placement | M8: =IF(AND(F8<=400000,I8>=80),"Recommended","Compare More") -> Recommended
A9: =Raw_Data!A9 -> Dr.N.G.P COLEEGE OF ARTS AND SCIENCE | B9: =Raw_Data!B9 -> COIMBATORE | C9: =Raw_Data!C9 -> AUTONOMOUS | D9: =Raw_Data!D9 -> A++ | E9: =Raw_Data!J9 -> NOT APPLICABLE | F9: =Raw_Data!I9 -> 225000 | G9: =Raw_Data!L9 -> 3.7 LPA | H9: =VALUE(SUBSTITUTE(SUBSTITUTE(G9," LPA",""),"LPA","")) -> 3.7 | I9: =Raw_Data!K9 -> 90 | J9: =IFERROR((VALUE(SUBSTITUTE(SUBSTITUTE(G9," LPA",""),"LPA",""))*100000)/VALUE(F9),0) -> 1.6444444 | K9: =IF(F9<=400000,"Budget Friendly","High Cost") -> Budget Friendly | L9: =IF(I9>=80,"High Placement","Low placement") -> High Placement | M9: =IF(AND(F9<=400000,I9>=80),"Recommended","Compare More") -> Recommended
A10: =Raw_Data!A10 -> AMERICAN COLLEGE | B10: =Raw_Data!B10 -> MADURAI | C10: =Raw_Data!C10 -> AUTONOMOUS | D10: =Raw_Data!D10 -> A++ | E10: =Raw_Data!J10 -> NOT APPLICABLE | F10: =Raw_Data!I10 -> 143500 | G10: =Raw_Data!L10 -> 2.10 LPA | H10: =VALUE(SUBSTITUTE(SUBSTITUTE(G10," LPA",""),"LPA","")) -> 2.1 | I10: =Raw_Data!K10 -> 60 | J10: =IFERROR((VALUE(SUBSTITUTE(SUBSTITUTE(G10," LPA",""),"LPA",""))*100000)/VALUE(F10),0) -> 1.4634146 | K10: =IF(F10<=400000,"Budget Friendly","High Cost") -> Budget Friendly | L10: =IF(I10>=80,"High Placement","Low placement") -> Low placement | M10: =IF(AND(F10<=400000,I10>=80),"Recommended","Compare More") -> Compare More
A11: =Raw_Data!A11 -> MADRAS CHRISTIAN COLLEGE | B11: =Raw_Data!B11 -> CHENGALPATTU | C11: =Raw_Data!C11 -> AUTONOMOUS | D11: =Raw_Data!D11 -> A | E11: =Raw_Data!J11 -> NOT APPLICABLE | F11: =Raw_Data!I11 -> 146880 | G11: =Raw_Data!L11 -> 3.60 LPA | H11: =VALUE(SUBSTITUTE(SUBSTITUTE(G11," LPA",""),"LPA","")) -> 3.6 | I11: =Raw_Data!K11 -> 90 | J11: =IFERROR((VALUE(SUBSTITUTE(SUBSTITUTE(G11," LPA",""),"LPA",""))*100000)/VALUE(F11),0) -> 2.4509804 | K11: =IF(F11<=400000,"Budget Friendly","High Cost") -> Budget Friendly | L11: =IF(I11>=80,"High Placement","Low placement") -> High Placement | M11: =IF(AND(F11<=400000,I11>=80),"Recommended","Compare More") -> Recommended
A12: =Raw_Data!A12 -> STELLA MARIS COLLEGE | B12: =Raw_Data!B12 -> CHENNAI | C12: =Raw_Data!C12 -> AUTONOMOUS | D12: =Raw_Data!D12 -> A+ | E12: =Raw_Data!J12 -> NOT APPLICABLE | F12: =Raw_Data!I12 -> 165000 | G12: =Raw_Data!L12 -> 4.60 LPA | H12: =VALUE(SUBSTITUTE(SUBSTITUTE(G12," LPA",""),"LPA","")) -> 4.6 | I12: =Raw_Data!K12 -> 45 | J12: =IFERROR((VALUE(SUBSTITUTE(SUBSTITUTE(G12," LPA",""),"LPA",""))*100000)/VALUE(F12),0) -> 2.7878788 | K12: =IF(F12<=400000,"Budget Friendly","High Cost") -> Budget Friendly | L12: =IF(I12>=80,"High Placement","Low placement") -> Low placement | M12: =IF(AND(F12<=400000,I12>=80),"Recommended","Compare More") -> Compare More
A13: =Raw_Data!A13 -> AVINASHI GOVERNMENT ARTS AND SCIENCE COLLEGE | B13: =Raw_Data!B13 -> TIRUPUR | C13: =Raw_Data!C13 -> GOVERNMENT | D13: =Raw_Data!D13 -> B | E13: =Raw_Data!J13 -> NOT APPLICABLE | F13: =Raw_Data!I13 -> 7500 | G13: =Raw_Data!L13 -> 1.56 LPA | H13: =VALUE(SUBSTITUTE(SUBSTITUTE(G13," LPA",""),"LPA","")) -> 1.56 | I13: =Raw_Data!K13 -> 49 | J13: =IFERROR((VALUE(SUBSTITUTE(SUBSTITUTE(G13," LPA",""),"LPA",""))*100000)/VALUE(F13),0) -> 20.8 | K13: =IF(F13<=400000,"Budget Friendly","High Cost") -> Budget Friendly | L13: =IF(I13>=80,"High Placement","Low placement") -> Low placement | M13: =IF(AND(F13<=400000,I13>=80),"Recommended","Compare More") -> Compare More
... A31: =Raw_Data!A31 -> INDIAN INSTITUTE OF TECHNOLOGY MADRAS | B31: =Raw_Data!B31 -> CHENNAI | C31: =Raw_Data!C31 -> GOVERNMENT | D31: =Raw_Data!D31 -> A++ | E31: =Raw_Data!J31 -> NOT APPLICABLE | F31: =Raw_Data!I31 -> 917000 | G31: =Raw_Data!L31 -> 24.2 LPA | H31: =VALUE(SUBSTITUTE(SUBSTITUTE(G31," LPA",""),"LPA","")) -> 24.2 | I31: =Raw_Data!K31 -> 90 | J31: =IFERROR((VALUE(SUBSTITUTE(SUBSTITUTE(G31," LPA",""),"LPA",""))*100000)/VALUE(F31),0) -> 2.6390403 | K31: =IF(F31<=400000,"Budget Friendly","High Cost") -> High Cost | L31: =IF(I31>=80,"High Placement","Low placement") -> High Placement | M31: =IF(AND(F31<=400000,I31>=80),"Recommended","Compare More") -> Compare More

Sheet District-wise college count1
A1: NAAC GRADE | B1: (All)
A3: Count of COLLEGE NAME | B3: Column Labels
A4: Row Labels | B4: AUTONOMOUS | C4: DEEMED UNIVERSITY | D4: GOVERNMENT | E4: PRIVATE | F4: (blank) | G4: Grand Total
A5: CHENGALPATTU | B5: 2 | G5: 2
A6: CHENNAI | B6: 2 | C6: 2 | D6: 2 | G6: 6
A7: COIMBATORE | B7: 6 | C7: 1 | D7: 1 | G7: 8
A8: ERODE | B8: 2 | G8: 2
A9: MADURAI | B9: 2 | G9: 2
A10: TIRUCHIRAPPALLI | D10: 1 | G10: 1
A11: TIRUPUR | B11: 1 | D11: 3 | E11: 4 | G11: 8
A12: VIRUDHUNAGAR | C12: 1 | G12: 1
A13: (blank)
A14: Grand Total | B14: 15 | C14: 4 | D14: 7 | E14: 4 | G14: 30

Sheet Type-wise Average placement2
A1: DISTRICT | B1: (All)
A3: Row Labels | B3: Average of PLACEMENT%
A4: AUTONOMOUS | B4: 83.8
A5: DEEMED UNIVERSITY | B5: 86
A6: GOVERNMENT | B6: 76.142857
A7: PRIVATE | B7: 75.125
A8: (blank)
A9: Grand Total | B9: 80.982759

Sheet Top 10 ROI colleges3
A1: DISTRICT | B1: (All)
A2: TYPE | B2: (All)
A4: Row Labels | B4: Average of PAYBACK RATIO
A5: A.G COLLEGE OF ARTS AND SCIENCE | B5: 2.5
A6: A.V.P COLLEGE OF ARTS AND SCIENCE | B6: 0.17665615
A7: AMERICAN COLLEGE | B7: 1.4634146
A8: AMRITA VISHWA VIDYAPEETHAM | B8: 5.3099415
A9: ANNA UNIVERSITY, CEG CAMPUS | B9: 5.7678781
A10: AVINASHI GOVERNMENT ARTS AND SCIENCE COLLEGE | B10: 20.8
A11: BANNARI AMMAN INSTITUTE OF TECHNOLOGY | B11: 2.064
A12: BUILDER ENGINEERING COLLEGE | B12: 1.4084507
A13: CHERAN COLLEGE OF ARTS AND SCIENCE | B13: 2.8571429
A14: CHIKKANNA ARTS COLLEGE | B14: 32.02785
A15: Dr.N.G.P COLEEGE OF ARTS AND SCIENCE | B15: 1.6444444
A16: GOVERNMENT COLLEGE OF TECHNOLOGY | B16: 1.2676949
... A35: Grand Total | B35: 4.2834777

Sheet Type-wise Average fees4
A2: DISTRICT | B2: (All)
A4: Row Labels | B4: Average of TOTAL 3/4 YEAR COST
A5: AUTONOMOUS | B5: 319905.33
A6: DEEMED UNIVERSITY | B6: 820250
A7: GOVERNMENT | B7: 356135
A8: PRIVATE | B8: 271375
A9: (blank)
A10: Grand Total | B10: 388600.83

Sheet District-wise Average package5
A2: TYPE | B2: (All)
A4: Row Labels | B4: Average of HEADING PACKAGE
A5: CHENGALPATTU | B5: 7.05
A6: CHENNAI | B6: 9.3416667
A7: COIMBATORE | B7: 5.68375
A8: ERODE | B8: 4.65
A9: MADURAI | B9: 2.75
A10: TIRUCHIRAPPALLI | B10: 18.73
A11: TIRUPUR | B11: 2.01125
A12: VIRUDHUNAGAR | B12: 4.5
A13: (blank)
A14: Grand Total | B14: 5.658

Sheet College Type-wise college count
A1: DISTRICT | B1: (All)
A3: Count of COLLEGE NAME | B3: Column Labels
A4: Row Labels | B4: AUTONOMOUS | C4: DEEMED UNIVERSITY | D4: GOVERNMENT | E4: PRIVATE | F4: (blank) | G4: Grand Total
A5: A.G COLLEGE OF ARTS AND SCIENCE | E5: 1 | G5: 1
A6: A.V.P COLLEGE OF ARTS AND SCIENCE | E6: 1 | G6: 1
A7: AMERICAN COLLEGE | B7: 1 | G7: 1
A8: AMRITA VISHWA VIDYAPEETHAM | C8: 1 | G8: 1
A9: ANNA UNIVERSITY, CEG CAMPUS | D9: 1 | G9: 1
A10: AVINASHI GOVERNMENT ARTS AND SCIENCE COLLEGE | D10: 1 | G10: 1
A11: BANNARI AMMAN INSTITUTE OF TECHNOLOGY | B11: 1 | G11: 1
A12: BUILDER ENGINEERING COLLEGE | B12: 1 | G12: 1
A13: CHERAN COLLEGE OF ARTS AND SCIENCE | E13: 1 | G13: 1
A14: CHIKKANNA ARTS COLLEGE | D14: 1 | G14: 1
A15: Dr.N.G.P COLEEGE OF ARTS AND SCIENCE | B15: 1 | G15: 1
A16: GOVERNMENT COLLEGE OF TECHNOLOGY | D16: 1 | G16: 1
A17: INDIAN INSTITUTE OF TECHNOLOGY MADRAS | D17: 1 | G17: 1
A18: KALASALINGAM ACADEMY OF RESEARCH AND EDUCATION | C18: 1 | G18: 1
A19: KONGUNADU COLLEGE OF ARTS AND SCIENCE | B19: 1 | G19: 1
A20: KPR ENGINEERING AND TECHNOLOGY COLLEGE | B20: 1 | G20: 1
A21: KUMARAGURU COLLEGE OF TECHNOLOGY | B21: 1 | G21: 1
A22: LOYOLA COLLEGE | B22: 1 | G22: 1
A23: LRG COLLEGE OF ARTS AND SCIENCE FOR WOMEN | D23: 1 | G23: 1
A24: MADRAS CHRISTIAN COLLEGE | B24: 1 | G24: 1
A25: NANDHA ENGINEERING COLLEGE | B25: 1 | G25: 1
A26: NATIONAL INSTITUTE OF TECHNOLOGY | D26: 1 | G26: 1
A27: PARK'S COLLEGE | E27: 1 | G27: 1
A28: PSG COLLEGE OF ARTS AND SCIENCE | B28: 1 | G28: 1
A29: PSG TECHNOLOGY AND APPLIED RESEARCH | B29: 1 | G29: 1
A30: SATHYABAMA SCIENCE AND TECHNOLOGY | C30: 1 | G30: 1
A31: SSN COLLEGE OF ENGINEERING | B31: 1 | G31: 1
A32: STELLA MARIS COLLEGE | B32: 1 | G32: 1
A33: THIAGARAJAR COLLEGE | B33: 1 | G33: 1
A34: VEL TECH | C34: 1 | G34: 1
A35: (blank)
A36: Grand Total | B36: 15 | C36: 4 | D36: 7 | E36: 4 | G36: 30

Sheet Dashboard
A1: TAMIL NADU COLLEGE ROI COMPARISON DASHBOARD

Sheet Recommendation data_sheet
A1: COLLEGE NAME | B1: DISTRICT | C1: TYPE | D1: TOTAL 3/4 COST | E1: PLACEMENT% | F1: AVERAGE PACKAGE LPA | G1: PAYBACK RATIO | H1: FINAL DECISION
A2: =Calculation!A2 -> A.V.P COLLEGE OF ARTS AND SCIENCE | B2: =Calculation!B2 -> TIRUPUR | C2: =Calculation!C2 -> PRIVATE | D2: =Calculation!F2 -> 792500 | E2: =Calculation!I2 -> 70 | F2: =Calculation!H2 -> 1.4 | G2: =Calculation!J2 -> 0.17665615 | H2: COMPARE MORE
A3: =Calculation!A3 -> PARK'S COLLEGE | B3: =Calculation!B3 -> TIRUPUR | C3: =Calculation!C3 -> PRIVATE | D3: =Calculation!F3 -> 128000 | E3: =Calculation!I3 -> 72.5 | F3: =Calculation!H3 -> 1.29 | G3: =Calculation!J3 -> 1.0078125 | H3: COMPARE MORE
A4: =Calculation!A4 -> CHERAN COLLEGE OF ARTS AND SCIENCE | B4: =Calculation!B4 -> TIRUPUR | C4: =Calculation!C4 -> PRIVATE | D4: =Calculation!F4 -> 105000 | E4: =Calculation!I4 -> 75 | F4: =Calculation!H4 -> 3 | G4: =Calculation!J4 -> 2.8571429 | H4: COMPARE MORE
A5: =Calculation!A5 -> LRG COLLEGE OF ARTS AND SCIENCE FOR WOMEN | B5: =Calculation!B5 -> TIRUPUR | C5: =Calculation!C5 -> GOVERNMENT | D5: =Calculation!F5 -> 6300 | E5: =Calculation!I5 -> 70 | F5: =Calculation!H5 -> 1.5 | G5: =Calculation!J5 -> 23.809524 | H5: RECOMMENDED
A6: =Calculation!A6 -> CHIKKANNA ARTS COLLEGE | B6: =Calculation!B6 -> TIRUPUR | C6: =Calculation!C6 -> GOVERNMENT | D6: =Calculation!F6 -> 5745 | E6: =Calculation!I6 -> 88 | F6: =Calculation!H6 -> 1.84 | G6: =Calculation!J6 -> 32.02785 | H6: RECOMMENDED
A7: =Calculation!A7 -> LOYOLA COLLEGE | B7: =Calculation!B7 -> CHENNAI | C7: =Calculation!C7 -> AUTONOMOUS | D7: =Calculation!F7 -> 321500 | E7: =Calculation!I7 -> 95 | F7: =Calculation!H7 -> 6.34 | G7: =Calculation!J7 -> 1.9720062 | H7: RECOMMENDED
A8: =Calculation!A8 -> PSG COLLEGE OF ARTS AND SCIENCE | B8: =Calculation!B8 -> COIMBATORE | C8: =Calculation!C8 -> AUTONOMOUS | D8: =Calculation!F8 -> 195000 | E8: =Calculation!I8 -> 83 | F8: =Calculation!H8 -> 3.83 | G8: =Calculation!J8 -> 1.9641026 | H8: RECOMMENDED
A9: =Calculation!A9 -> Dr.N.G.P COLEEGE OF ARTS AND SCIENCE | B9: =Calculation!B9 -> COIMBATORE | C9: =Calculation!C9 -> AUTONOMOUS | D9: =Calculation!F9 -> 225000 | E9: =Calculation!I9 -> 90 | F9: =Calculation!H9 -> 3.7 | G9: =Calculation!J9 -> 1.6444444 | H9: RECOMMENDED
A10: =Calculation!A10 -> AMERICAN COLLEGE | B10: =Calculation!B10 -> MADURAI | C10: =Calculation!C10 -> AUTONOMOUS | D10: =Calculation!F10 -> 143500 | E10: =Calculation!I10 -> 60 | F10: =Calculation!H10 -> 2.1 | G10: =Calculation!J10 -> 1.4634146 | H10: COMPARE MORE
A11: =Calculation!A11 -> MADRAS CHRISTIAN COLLEGE | B11: =Calculation!B11 -> CHENGALPATTU | C11: =Calculation!C11 -> AUTONOMOUS | D11: =Calculation!F11 -> 146880 | E11: =Calculation!I11 -> 90 | F11: =Calculation!H11 -> 3.6 | G11: =Calculation!J11 -> 2.4509804 | H11: RECOMMENDED
A12: =Calculation!A12 -> STELLA MARIS COLLEGE | B12: =Calculation!B12 -> CHENNAI | C12: =Calculation!C12 -> AUTONOMOUS | D12: =Calculation!F12 -> 165000 | E12: =Calculation!I12 -> 45 | F12: =Calculation!H12 -> 4.6 | G12: =Calculation!J12 -> 2.7878788 | H12: COMPARE MORE
A13: =Calculation!A13 -> AVINASHI GOVERNMENT ARTS AND SCIENCE COLLEGE | B13: =Calculation!B13 -> TIRUPUR | C13: =Calculation!C13 -> GOVERNMENT | D13: =Calculation!F13 -> 7500 | E13: =Calculation!I13 -> 49 | F13: =Calculation!H13 -> 1.56 | G13: =Calculation!J13 -> 20.8 | H13: RECOMMENDED
... A31: =Calculation!A31 -> INDIAN INSTITUTE OF TECHNOLOGY MADRAS | B31: =Calculation!B31 -> CHENNAI | C31: =Calculation!C31 -> GOVERNMENT | D31: =Calculation!F31 -> 917000 | E31: =Calculation!I31 -> 90 | F31: =Calculation!H31 -> 24.2 | G31: =Calculation!J31 -> 2.6390403 | H31: RECOMMENDED
